listing_id,locality,bhk,sqft,bathrooms,furnishing,property_age_years,metro_distance_km,parking,gated_community,monthly_rent_inr
BLR-0001,Jayanagar,3,1426,3,Semi Furnished,2,2.8,0,0,51893
BLR-0002,Kengeri,3,1567,4,Unfurnished,7,3.7,1,0,33323
BLR-0003,Jayanagar,1,684,2,Unfurnished,15,0.7,1,0,28130
BLR-0004,Kengeri,4,1886,4,Semi Furnished,0,4.0,0,0,28171
BLR-0005,Whitefield,2,1099,3,Semi Furnished,13,3.9,1,1,42256
BLR-0006,HSR Layout,2,1415,1,Semi Furnished,19,2.9,1,1,53770
BLR-0007,Sarjapur Road,4,2017,4,Fully Furnished,0,1.9,0,1,73466
BLR-0008,Koramangala,1,1048,2,Semi Furnished,14,3.9,1,1,44944
BLR-0009,Sarjapur Road,1,860,2,Semi Furnished,6,1.8,1,1,35969
BLR-0010,Indiranagar,2,1091,2,Semi Furnished,4,4.6,1,0,49784
BLR-0011,Sarjapur Road,2,843,3,Semi Furnished,11,3.2,1,1,35745
BLR-0012,Yelahanka,2,1033,1,Semi Furnished,20,4.2,1,0,24930
BLR-0013,Indiranagar,2,964,3,Semi Furnished,17,1.5,1,1,57388
BLR-0014,Sarjapur Road,1,620,2,Unfurnished,18,0.5,1,1,20760
BLR-0015,Koramangala,2,1181,2,Fully Furnished,13,0.2,1,1,66601
BLR-0016,Electronic City,3,1580,2,Unfurnished,1,1.2,1,1,32767
BLR-0017,Kengeri,3,1351,3,Unfurnished,16,0.3,1,0,26515
BLR-0018,Hebbal,2,1284,1,Fully Furnished,10,3.8,1,0,47428
BLR-0019,Whitefield,2,1075,1,Fully Furnished,4,1.3,1,1,43588
BLR-0020,Hebbal,3,1604,3,Semi Furnished,20,5.7,1,0,47240
BLR-0021,Banashankari,4,1850,5,Unfurnished,9,3.4,1,1,50664
BLR-0022,Electronic City,2,1113,2,Semi Furnished,3,1.1,1,1,34938
BLR-0023,Hebbal,1,714,1,Semi Furnished,13,3.5,1,1,29134
BLR-0024,Sarjapur Road,3,1464,4,Semi Furnished,17,1.6,0,1,52862
BLR-0025,HSR Layout,2,953,1,Semi Furnished,19,1.2,0,0,36047
BLR-0026,Banashankari,2,1310,2,Semi Furnished,5,4.2,0,1,39957
BLR-0027,Whitefield,1,847,2,Semi Furnished,6,7.2,1,0,25994
BLR-0028,Banashankari,2,1295,2,Unfurnished,4,2.3,1,1,43555
BLR-0029,Yelahanka,3,1488,3,Semi Furnished,1,3.2,1,1,35948
BLR-0030,Indiranagar,1,707,1,Semi Furnished,2,7.3,0,1,37592
BLR-0031,Marathahalli,2,933,2,Fully Furnished,18,0.5,1,1,48126
BLR-0032,HSR Layout,2,1213,1,Semi Furnished,9,1.5,1,1,44519
BLR-0033,Whitefield,2,1246,2,Fully Furnished,12,3.0,1,0,49006
BLR-0034,HSR Layout,2,1183,1,Semi Furnished,19,5.4,1,0,37940
BLR-0035,Koramangala,3,1358,2,Semi Furnished,8,1.7,1,0,64355
BLR-0036,Sarjapur Road,2,1205,3,Semi Furnished,1,2.2,1,0,41699
BLR-0037,Hebbal,3,1461,3,Fully Furnished,4,6.8,1,1,50283
BLR-0038,Jayanagar,2,1206,1,Semi Furnished,5,3.5,1,1,54093
BLR-0039,Marathahalli,2,1226,1,Semi Furnished,8,4.5,0,1,35424
BLR-0040,Kengeri,2,1011,3,Fully Furnished,14,5.0,0,0,27257
BLR-0041,Kengeri,2,1089,2,Semi Furnished,9,2.2,0,1,23176
BLR-0042,Yelahanka,1,802,1,Fully Furnished,7,4.2,1,1,28101
BLR-0043,Banashankari,4,1930,4,Semi Furnished,8,1.9,0,1,54396
BLR-0044,Kengeri,2,1210,2,Fully Furnished,10,0.2,1,1,38279
BLR-0045,Sarjapur Road,2,1057,3,Semi Furnished,18,2.7,1,1,39834
BLR-0046,Indiranagar,3,1487,3,Semi Furnished,1,1.7,1,1,73109
BLR-0047,Banashankari,2,1288,3,Unfurnished,9,4.5,0,1,37493
BLR-0048,Jayanagar,1,527,1,Semi Furnished,0,3.3,1,0,31366
BLR-0049,Kengeri,1,810,1,Unfurnished,4,3.8,1,1,7000
BLR-0050,Marathahalli,3,1486,3,Semi Furnished,5,6.5,1,1,45659
BLR-0051,HSR Layout,2,1048,3,Unfurnished,15,0.2,0,0,31707
BLR-0052,Jayanagar,1,937,1,Semi Furnished,8,6.2,1,1,35753
BLR-0053,Sarjapur Road,2,1223,2,Semi Furnished,9,2.7,0,1,39420
BLR-0054,Hebbal,3,1592,3,Semi Furnished,4,2.5,0,1,51559
BLR-0055,Sarjapur Road,2,1187,1,Unfurnished,1,0.8,0,1,37112
BLR-0056,Koramangala,2,1286,3,Semi Furnished,10,4.1,1,1,57434
BLR-0057,Marathahalli,2,993,2,Semi Furnished,8,0.4,0,1,44446
BLR-0058,HSR Layout,3,1506,3,Unfurnished,9,2.0,1,1,49014
BLR-0059,Sarjapur Road,2,927,1,Fully Furnished,14,2.5,0,0,36764
BLR-0060,Kengeri,1,967,1,Semi Furnished,15,3.2,0,1,20384
BLR-0061,Koramangala,2,1195,1,Semi Furnished,2,3.9,1,1,53218
BLR-0062,Banashankari,3,1252,3,Semi Furnished,0,2.5,1,1,38234
BLR-0063,Yelahanka,2,1046,3,Unfurnished,16,0.2,1,1,23745
BLR-0064,HSR Layout,3,1328,3,Fully Furnished,7,4.0,1,1,53231
BLR-0065,Whitefield,2,1311,1,Semi Furnished,17,0.2,0,1,42018
BLR-0066,Koramangala,1,748,1,Unfurnished,0,2.9,1,1,31036
BLR-0067,Yelahanka,4,1935,4,Semi Furnished,9,4.6,1,1,43126
BLR-0068,Koramangala,2,939,2,Unfurnished,3,0.7,1,1,46342
BLR-0069,Indiranagar,3,1378,3,Unfurnished,1,3.0,1,1,56975
BLR-0070,Indiranagar,2,1346,2,Unfurnished,18,3.3,1,1,55540
BLR-0071,Koramangala,2,1256,2,Semi Furnished,0,0.2,1,1,64532
BLR-0072,Electronic City,2,1144,2,Unfurnished,5,2.8,0,0,30625
BLR-0073,Koramangala,3,1456,3,Unfurnished,11,8.3,1,0,47943
BLR-0074,Kengeri,4,1906,5,Semi Furnished,17,1.2,1,0,43535
BLR-0075,Marathahalli,1,671,1,Semi Furnished,6,2.8,0,1,22826
BLR-0076,Banashankari,4,1840,5,Semi Furnished,6,0.2,1,1,57923
BLR-0077,Electronic City,2,1240,2,Unfurnished,13,6.8,0,0,21934
BLR-0078,Whitefield,1,847,2,Unfurnished,3,4.7,1,1,31948
BLR-0079,Jayanagar,1,623,1,Semi Furnished,0,6.1,1,1,32144
BLR-0080,Electronic City,3,1486,3,Semi Furnished,18,4.6,1,1,30933
BLR-0081,Yelahanka,3,1726,3,Semi Furnished,18,5.7,1,1,36555
BLR-0082,Yelahanka,2,1096,2,Unfurnished,15,3.1,1,1,25483
BLR-0083,Yelahanka,2,1159,1,Unfurnished,7,4.2,1,1,25086
BLR-0084,Banashankari,2,1143,2,Semi Furnished,11,5.2,1,0,33502
BLR-0085,Hebbal,2,1160,1,Fully Furnished,7,4.0,1,1,45960
BLR-0086,Whitefield,1,679,1,Semi Furnished,0,4.7,1,1,24670
BLR-0087,Hebbal,3,1346,3,Semi Furnished,0,3.6,1,1,46707
BLR-0088,HSR Layout,2,1125,2,Fully Furnished,6,4.9,1,0,49534
BLR-0089,Kengeri,2,1087,3,Unfurnished,14,1.7,1,0,22754
BLR-0090,HSR Layout,2,1001,2,Unfurnished,19,2.8,1,1,40605
BLR-0091,Indiranagar,3,1445,4,Unfurnished,4,3.0,0,1,64804
BLR-0092,Hebbal,2,1061,1,Semi Furnished,6,2.6,1,1,34568
BLR-0093,Hebbal,2,914,3,Fully Furnished,14,5.7,1,1,39978
BLR-0094,Kengeri,2,1126,1,Semi Furnished,11,6.9,0,1,20661
BLR-0095,Yelahanka,2,986,3,Semi Furnished,1,3.8,1,1,29488
BLR-0096,Yelahanka,3,1517,2,Unfurnished,14,6.0,1,0,27560
BLR-0097,Kengeri,3,1516,3,Semi Furnished,14,5.3,0,1,32487
BLR-0098,Koramangala,3,1444,3,Semi Furnished,11,2.7,1,1,64985
BLR-0099,Electronic City,2,1150,2,Fully Furnished,17,2.0,1,1,34508
BLR-0100,Yelahanka,2,996,2,Semi Furnished,20,3.8,1,1,30775
BLR-0101,Yelahanka,2,1147,2,Semi Furnished,6,2.0,1,1,26401
BLR-0102,Indiranagar,3,1629,2,Semi Furnished,15,7.4,0,1,63658
BLR-0103,Hebbal,2,1161,2,Unfurnished,2,5.7,0,0,28174
BLR-0104,Sarjapur Road,1,533,1,Unfurnished,16,0.8,0,1,18412
BLR-0105,Banashankari,3,1413,3,Fully Furnished,19,2.4,1,1,46024
BLR-0106,Indiranagar,3,1504,2,Semi Furnished,16,0.2,1,0,75099
BLR-0107,Kengeri,3,1476,2,Unfurnished,19,4.0,1,1,21280
BLR-0108,Jayanagar,2,1133,2,Unfurnished,0,1.4,1,0,38242
BLR-0109,Banashankari,2,1037,2,Unfurnished,15,3.2,1,1,29868
BLR-0110,Banashankari,2,1126,1,Semi Furnished,4,6.8,1,0,22682
BLR-0111,Marathahalli,2,1143,1,Unfurnished,15,3.6,1,0,27610
BLR-0112,Electronic City,3,1540,3,Fully Furnished,9,1.5,1,1,45276
BLR-0113,Banashankari,3,1429,2,Semi Furnished,6,4.0,1,1,43729
BLR-0114,Electronic City,2,1319,2,Semi Furnished,19,2.4,1,0,30251
BLR-0115,Kengeri,3,1566,4,Semi Furnished,19,4.4,0,1,32486
BLR-0116,HSR Layout,2,1090,2,Fully Furnished,2,6.9,1,1,50391
BLR-0117,Kengeri,2,1115,2,Unfurnished,0,0.2,1,1,22459
BLR-0118,Electronic City,3,1546,2,Fully Furnished,12,3.4,1,1,44786
BLR-0119,Marathahalli,1,732,1,Unfurnished,20,1.2,0,0,24453
BLR-0120,Yelahanka,1,728,1,Semi Furnished,5,2.0,1,1,23026
BLR-0121,Koramangala,2,1172,2,Semi Furnished,11,0.2,1,0,56148
BLR-0122,Indiranagar,1,964,1,Fully Furnished,7,1.4,1,1,51715
BLR-0123,Yelahanka,2,963,1,Unfurnished,15,3.4,1,1,16031
BLR-0124,Banashankari,3,1285,3,Semi Furnished,3,6.6,1,1,42234
BLR-0125,Sarjapur Road,2,1113,2,Unfurnished,12,4.4,1,1,27372
BLR-0126,Kengeri,3,1522,3,Unfurnished,16,4.3,1,1,28290
BLR-0127,Jayanagar,2,1133,2,Fully Furnished,19,2.7,0,1,53476
BLR-0128,Indiranagar,3,1543,2,Unfurnished,18,2.0,1,0,59826
BLR-0129,Sarjapur Road,2,1330,2,Unfurnished,12,1.8,1,0,33861
BLR-0130,Whitefield,2,1091,1,Unfurnished,6,4.1,1,1,35078
BLR-0131,Electronic City,2,1183,1,Unfurnished,17,0.6,1,0,23448
BLR-0132,Sarjapur Road,1,731,2,Fully Furnished,11,0.2,1,1,38828
BLR-0133,Marathahalli,3,1366,4,Semi Furnished,11,2.3,1,1,47375
BLR-0134,HSR Layout,3,1630,3,Semi Furnished,13,1.0,1,1,62182
BLR-0135,HSR Layout,2,1148,1,Semi Furnished,15,5.2,1,1,40422
BLR-0136,Kengeri,2,1074,2,Fully Furnished,11,0.2,1,1,36123
BLR-0137,Kengeri,2,1219,2,Semi Furnished,5,2.7,1,1,25426
BLR-0138,Marathahalli,2,977,2,Semi Furnished,17,2.0,0,1,34144
BLR-0139,Kengeri,1,876,2,Semi Furnished,6,0.3,1,0,15466
BLR-0140,Marathahalli,2,1398,2,Fully Furnished,0,0.7,1,0,55919
BLR-0141,Banashankari,2,1204,2,Unfurnished,6,6.0,1,1,31731
BLR-0142,Indiranagar,3,1484,3,Unfurnished,5,1.6,1,0,58761
BLR-0143,Jayanagar,3,1415,4,Semi Furnished,3,3.9,1,1,57601
BLR-0144,HSR Layout,2,1300,2,Semi Furnished,18,2.8,1,1,48530
BLR-0145,Sarjapur Road,1,889,1,Unfurnished,0,7.3,1,1,21289
BLR-0146,Kengeri,3,1492,3,Semi Furnished,10,0.2,1,0,26310
BLR-0147,Hebbal,2,1214,3,Semi Furnished,12,2.4,0,1,33312
BLR-0148,Marathahalli,2,1191,2,Unfurnished,0,2.4,1,0,34798
BLR-0149,Marathahalli,3,1429,2,Semi Furnished,9,3.6,0,1,41618
BLR-0150,Indiranagar,4,1977,5,Unfurnished,1,7.3,1,0,79297
BLR-0151,Whitefield,2,1074,1,Semi Furnished,13,4.8,1,1,42959
BLR-0152,Whitefield,3,1570,3,Fully Furnished,2,4.8,1,1,51735
BLR-0153,Jayanagar,4,1866,4,Semi Furnished,4,2.9,1,1,75373
BLR-0154,HSR Layout,2,1174,3,Semi Furnished,4,0.2,0,1,48208
BLR-0155,Marathahalli,1,622,1,Semi Furnished,1,2.1,0,0,31031
BLR-0156,Electronic City,1,756,1,Semi Furnished,11,3.8,1,1,28841
BLR-0157,Whitefield,2,1066,2,Unfurnished,15,7.1,0,1,35612
BLR-0158,HSR Layout,1,693,1,Unfurnished,19,2.5,1,1,31823
BLR-0159,Koramangala,4,1949,3,Unfurnished,8,0.2,1,1,81874
BLR-0160,Whitefield,3,1452,2,Semi Furnished,12,1.6,0,0,45875
BLR-0161,HSR Layout,3,1391,4,Semi Furnished,11,1.1,1,1,58058
BLR-0162,Electronic City,2,1243,2,Unfurnished,15,4.5,1,1,30706
BLR-0163,Marathahalli,1,699,1,Unfurnished,16,2.8,1,1,21225
BLR-0164,Whitefield,2,1089,3,Unfurnished,15,10.3,0,0,22245
BLR-0165,HSR Layout,2,1268,2,Unfurnished,9,0.2,1,1,40158
BLR-0166,Banashankari,3,1446,4,Semi Furnished,7,1.8,1,1,50097
BLR-0167,Jayanagar,3,1361,3,Semi Furnished,3,4.6,0,0,47499
BLR-0168,Electronic City,1,866,1,Semi Furnished,5,4.4,1,1,21804
BLR-0169,Hebbal,3,1383,3,Fully Furnished,17,2.1,1,1,54440
BLR-0170,Whitefield,3,1554,3,Unfurnished,5,0.2,1,0,49923
BLR-0171,Sarjapur Road,3,1541,3,Semi Furnished,18,2.2,1,0,51741
BLR-0172,Electronic City,3,1656,2,Unfurnished,8,5.3,1,1,34916
BLR-0173,Kengeri,2,1155,1,Unfurnished,18,2.5,1,1,19450
BLR-0174,Sarjapur Road,1,691,2,Semi Furnished,4,4.8,1,1,27058
BLR-0175,HSR Layout,2,1382,3,Semi Furnished,14,2.8,1,1,51333
BLR-0176,Yelahanka,2,1198,1,Fully Furnished,11,3.1,1,1,26965
BLR-0177,Indiranagar,3,1468,3,Semi Furnished,6,3.1,1,1,72665
BLR-0178,Koramangala,2,1167,2,Semi Furnished,5,3.5,1,1,48564
BLR-0179,Kengeri,2,1207,2,Semi Furnished,0,2.3,1,1,22973
BLR-0180,HSR Layout,2,1158,3,Semi Furnished,2,4.7,1,0,48245
BLR-0181,Electronic City,3,1547,2,Unfurnished,18,2.2,1,0,24849
BLR-0182,Yelahanka,1,568,1,Semi Furnished,11,3.9,1,1,20540
BLR-0183,Banashankari,2,1170,2,Semi Furnished,11,6.6,1,0,23804
BLR-0184,Hebbal,2,1025,2,Unfurnished,11,1.3,0,1,31880
BLR-0185,Kengeri,3,1463,4,Semi Furnished,6,2.2,1,1,37117
BLR-0186,HSR Layout,3,1555,3,Unfurnished,12,2.4,1,1,50328
BLR-0187,Koramangala,3,1470,3,Semi Furnished,2,1.3,1,1,71431
BLR-0188,HSR Layout,3,1491,3,Semi Furnished,11,0.3,1,1,64415
BLR-0189,Yelahanka,1,643,1,Fully Furnished,2,5.2,1,1,18275
BLR-0190,Yelahanka,2,897,3,Semi Furnished,4,5.1,0,1,25412
BLR-0191,Jayanagar,1,772,1,Unfurnished,18,1.6,1,1,29843
BLR-0192,HSR Layout,2,936,3,Semi Furnished,2,4.6,1,0,43812
BLR-0193,Koramangala,2,1231,3,Unfurnished,2,5.4,0,1,39026
BLR-0194,Koramangala,1,671,1,Semi Furnished,3,1.7,1,0,39788
BLR-0195,HSR Layout,2,1122,2,Semi Furnished,18,6.2,1,1,36094
BLR-0196,Whitefield,3,1515,2,Semi Furnished,16,2.9,1,1,40421
BLR-0197,Indiranagar,3,1474,3,Semi Furnished,16,2.6,0,1,61613
BLR-0198,Whitefield,3,1523,2,Semi Furnished,4,4.9,1,0,51175
BLR-0199,Koramangala,4,1803,5,Semi Furnished,5,2.3,1,0,78897
BLR-0200,Sarjapur Road,2,1076,2,Semi Furnished,15,4.8,0,1,30632
BLR-0201,Jayanagar,3,1516,4,Unfurnished,18,4.9,0,1,52181
BLR-0202,Kengeri,4,1995,4,Fully Furnished,4,2.5,0,1,38902
BLR-0203,Kengeri,2,1116,2,Semi Furnished,19,0.3,1,0,28247
BLR-0204,Koramangala,2,1152,1,Semi Furnished,16,0.2,1,1,46797
BLR-0205,Jayanagar,2,1090,1,Unfurnished,15,2.8,0,1,30258
BLR-0206,Jayanagar,3,1644,4,Semi Furnished,3,3.7,1,1,65909
BLR-0207,Whitefield,2,1024,3,Semi Furnished,15,3.4,1,0,40431
BLR-0208,Kengeri,2,1303,1,Semi Furnished,18,0.9,1,1,40887
BLR-0209,Sarjapur Road,2,1135,3,Semi Furnished,10,1.8,0,0,37480
BLR-0210,Marathahalli,2,1285,2,Semi Furnished,5,0.2,1,1,48066
BLR-0211,Banashankari,3,1505,3,Semi Furnished,3,4.7,1,1,48148
BLR-0212,Yelahanka,1,677,1,Unfurnished,13,3.6,1,1,14286
BLR-0213,HSR Layout,2,1064,2,Semi Furnished,12,5.0,0,1,35735
BLR-0214,Koramangala,3,1452,2,Semi Furnished,8,4.5,1,1,63793
BLR-0215,Koramangala,2,1224,2,Semi Furnished,11,2.1,1,0,51264
BLR-0216,HSR Layout,4,1939,5,Unfurnished,8,4.5,1,0,55178
BLR-0217,Kengeri,1,906,1,Fully Furnished,8,1.1,1,0,21075
BLR-0218,Marathahalli,3,1560,3,Unfurnished,8,1.5,1,1,52872
BLR-0219,Indiranagar,2,1091,2,Semi Furnished,2,2.2,1,1,62653
BLR-0220,Whitefield,3,1396,3,Semi Furnished,2,5.7,1,1,47082
BLR-0221,Yelahanka,2,1109,2,Semi Furnished,0,1.0,1,0,29428
BLR-0222,Indiranagar,3,1583,2,Semi Furnished,0,6.8,1,1,62001
BLR-0223,Indiranagar,3,1332,2,Fully Furnished,15,2.6,1,1,71203
BLR-0224,Whitefield,2,975,2,Semi Furnished,0,0.2,1,1,40640
BLR-0225,Whitefield,3,1709,3,Semi Furnished,15,0.2,1,1,65449
BLR-0226,HSR Layout,2,1072,2,Fully Furnished,19,1.9,1,0,48615
BLR-0227,Banashankari,2,1277,2,Unfurnished,4,6.7,0,0,21141
BLR-0228,Electronic City,4,1886,4,Semi Furnished,15,1.9,1,1,47923
BLR-0229,HSR Layout,4,1921,3,Unfurnished,5,3.2,1,1,66975
BLR-0230,Banashankari,2,1061,2,Semi Furnished,0,2.7,1,0,31852
BLR-0231,Banashankari,3,1521,4,Semi Furnished,14,3.0,1,1,40859
BLR-0232,Whitefield,2,1058,1,Fully Furnished,4,3.0,1,1,43191
BLR-0233,Jayanagar,2,1211,2,Semi Furnished,9,2.9,1,1,46467
BLR-0234,Banashankari,2,1086,2,Semi Furnished,1,3.4,1,0,33425
BLR-0235,Whitefield,2,907,2,Semi Furnished,3,5.0,1,0,36647
BLR-0236,Marathahalli,2,1100,2,Fully Furnished,4,1.2,0,1,44889
BLR-0237,Hebbal,3,1662,3,Semi Furnished,1,3.3,0,0,42819
BLR-0238,Jayanagar,4,1733,4,Unfurnished,18,0.9,0,1,68232
BLR-0239,Whitefield,3,1488,4,Fully Furnished,1,2.7,1,1,59576
BLR-0240,Hebbal,3,1637,3,Unfurnished,1,4.4,0,1,40617
BLR-0241,Banashankari,1,911,2,Semi Furnished,0,5.6,1,0,29369
BLR-0242,Marathahalli,2,1232,2,Semi Furnished,5,4.0,1,1,42586
BLR-0243,Electronic City,2,1134,1,Semi Furnished,13,2.5,0,1,22890
BLR-0244,Banashankari,2,1212,3,Unfurnished,2,2.1,0,1,28166
BLR-0245,Kengeri,3,1736,3,Fully Furnished,13,3.2,0,0,44661
BLR-0246,Koramangala,2,936,1,Semi Furnished,10,2.0,1,1,43900
BLR-0247,Marathahalli,2,1096,2,Semi Furnished,2,0.2,1,1,39737
BLR-0248,Indiranagar,2,1239,3,Semi Furnished,19,0.2,0,0,56354
BLR-0249,Marathahalli,2,1317,2,Unfurnished,16,5.9,1,1,39289
BLR-0250,Whitefield,3,1503,2,Semi Furnished,3,0.7,1,1,49430
BLR-0251,Koramangala,1,769,2,Semi Furnished,4,0.4,1,1,45537
BLR-0252,Marathahalli,2,1173,2,Semi Furnished,11,7.1,1,1,40923
BLR-0253,Hebbal,3,1404,3,Semi Furnished,16,6.5,0,1,42653
BLR-0254,Electronic City,2,1342,2,Semi Furnished,19,3.4,1,0,25448
BLR-0255,Yelahanka,2,1173,2,Unfurnished,10,4.8,1,1,26142
BLR-0256,Indiranagar,3,1623,2,Semi Furnished,12,2.3,1,1,74493
BLR-0257,Banashankari,2,1186,2,Unfurnished,13,0.8,1,1,36496
BLR-0258,HSR Layout,2,1199,3,Semi Furnished,18,6.3,0,1,37726
BLR-0259,Kengeri,2,1007,1,Unfurnished,5,3.3,1,1,24564
BLR-0260,HSR Layout,2,1135,1,Fully Furnished,0,2.9,1,1,54069
BLR-0261,HSR Layout,2,906,3,Unfurnished,16,5.6,1,1,33747
BLR-0262,Whitefield,2,1172,2,Semi Furnished,18,1.1,1,0,50855
BLR-0263,Whitefield,3,1613,2,Semi Furnished,3,4.6,1,1,50540
BLR-0264,Kengeri,4,1677,3,Semi Furnished,15,2.9,0,0,28890
BLR-0265,Electronic City,3,1569,3,Fully Furnished,14,1.6,1,0,38080
BLR-0266,Banashankari,2,1064,2,Semi Furnished,19,4.9,0,1,28880
BLR-0267,Koramangala,4,1952,4,Fully Furnished,1,4.8,0,0,87691
BLR-0268,Sarjapur Road,2,1061,1,Semi Furnished,7,5.8,0,1,34387
BLR-0269,Hebbal,2,1122,3,Fully Furnished,17,2.5,1,1,45595
BLR-0270,Kengeri,2,1063,1,Semi Furnished,3,4.2,1,1,30910
BLR-0271,Hebbal,3,1344,4,Semi Furnished,2,3.4,1,1,43644
BLR-0272,Sarjapur Road,2,1123,2,Semi Furnished,0,4.3,1,1,46585
BLR-0273,HSR Layout,1,943,1,Fully Furnished,12,1.6,1,0,44145
BLR-0274,HSR Layout,3,1680,3,Fully Furnished,12,5.1,1,1,68106
BLR-0275,Marathahalli,2,1045,2,Semi Furnished,5,3.5,1,1,33106
BLR-0276,Kengeri,3,1504,2,Semi Furnished,10,6.3,0,1,35021
BLR-0277,Marathahalli,4,1614,4,Semi Furnished,5,5.1,0,1,49440
BLR-0278,Marathahalli,2,1027,2,Semi Furnished,11,2.8,1,1,34374
BLR-0279,Marathahalli,1,559,1,Unfurnished,19,3.7,0,1,15110
BLR-0280,Marathahalli,2,1230,1,Semi Furnished,17,1.6,1,0,34018
BLR-0281,Kengeri,2,962,2,Semi Furnished,6,2.9,1,1,25857
BLR-0282,Sarjapur Road,3,1507,4,Semi Furnished,20,5.3,1,1,50255
BLR-0283,HSR Layout,4,1803,4,Unfurnished,18,7.5,0,0,50407
BLR-0284,Sarjapur Road,3,1471,2,Semi Furnished,5,4.3,1,1,48573
BLR-0285,Indiranagar,2,1253,1,Semi Furnished,20,3.7,1,1,59934
BLR-0286,HSR Layout,3,1372,2,Unfurnished,10,3.7,1,1,51655
BLR-0287,Electronic City,2,1291,2,Fully Furnished,17,4.9,1,1,34812
BLR-0288,Whitefield,3,1506,4,Unfurnished,20,4.2,1,0,42876
BLR-0289,HSR Layout,2,1186,2,Fully Furnished,14,1.8,1,0,50444
BLR-0290,Banashankari,2,1305,2,Fully Furnished,4,0.2,1,1,42326
BLR-0291,Marathahalli,2,1059,3,Unfurnished,1,4.4,0,0,28498
BLR-0292,Hebbal,2,1076,2,Fully Furnished,14,5.6,1,1,45689
BLR-0293,Koramangala,4,1918,4,Semi Furnished,16,5.7,0,0,74773
BLR-0294,Jayanagar,4,2004,4,Fully Furnished,0,1.4,0,0,77066
BLR-0295,Sarjapur Road,2,956,2,Fully Furnished,12,3.6,1,0,41805
BLR-0296,Kengeri,2,840,2,Semi Furnished,1,4.2,1,1,30784
BLR-0297,Marathahalli,4,1918,4,Semi Furnished,20,3.6,1,1,61723
BLR-0298,Yelahanka,2,996,2,Fully Furnished,15,2.9,1,1,27248
BLR-0299,Whitefield,3,1420,3,Semi Furnished,11,2.6,1,1,48676
BLR-0300,Sarjapur Road,2,1016,2,Unfurnished,16,2.3,1,1,38501
BLR-0301,Kengeri,3,1534,3,Semi Furnished,0,3.6,1,1,35510
BLR-0302,Hebbal,2,1167,2,Semi Furnished,17,5.2,0,0,31975
BLR-0303,Kengeri,3,1446,3,Semi Furnished,9,6.7,1,1,32121
BLR-0304,Jayanagar,3,1671,3,Semi Furnished,18,4.8,1,0,59563
BLR-0305,Kengeri,2,1221,2,Semi Furnished,16,9.5,1,1,21143
BLR-0306,Marathahalli,2,1109,2,Semi Furnished,10,4.1,1,0,35410
BLR-0307,Marathahalli,2,1357,2,Semi Furnished,18,4.0,1,1,37838
BLR-0308,Electronic City,2,1223,2,Fully Furnished,15,0.9,0,1,32746
BLR-0309,Electronic City,2,957,3,Semi Furnished,11,1.0,1,1,30371
BLR-0310,Indiranagar,2,1230,3,Semi Furnished,2,3.0,1,1,63356
BLR-0311,Indiranagar,2,1137,3,Semi Furnished,15,4.0,1,1,56065
BLR-0312,Marathahalli,2,934,2,Fully Furnished,3,4.4,1,1,30053
BLR-0313,Kengeri,3,1593,3,Fully Furnished,7,2.0,1,1,39721
BLR-0314,Whitefield,2,1042,2,Unfurnished,16,2.0,0,0,39572
BLR-0315,Electronic City,2,1295,2,Semi Furnished,20,0.2,1,0,26166
BLR-0316,Jayanagar,2,1283,2,Semi Furnished,18,2.5,1,1,51328
BLR-0317,Hebbal,2,1130,2,Fully Furnished,19,4.1,1,1,33668
BLR-0318,Whitefield,2,1320,2,Semi Furnished,16,2.6,1,1,47754
BLR-0319,Indiranagar,2,1072,2,Unfurnished,17,2.9,1,0,38978
BLR-0320,Whitefield,1,829,2,Semi Furnished,0,0.2,1,1,43019
BLR-0321,Hebbal,1,740,2,Semi Furnished,17,3.8,1,1,29429
BLR-0322,Indiranagar,4,2120,3,Fully Furnished,18,4.9,1,1,94994
BLR-0323,Banashankari,2,1372,2,Semi Furnished,13,3.9,1,1,40142
BLR-0324,HSR Layout,2,1288,3,Semi Furnished,11,5.0,1,1,46618
BLR-0325,Kengeri,3,1672,3,Fully Furnished,15,4.0,1,0,39443
BLR-0326,Electronic City,2,978,1,Semi Furnished,11,2.4,1,0,26879
BLR-0327,Marathahalli,4,2036,4,Semi Furnished,20,5.2,1,1,56804
BLR-0328,Koramangala,2,1032,2,Semi Furnished,7,1.9,0,1,46560
BLR-0329,Sarjapur Road,2,1233,2,Fully Furnished,0,3.3,1,1,51734
BLR-0330,Yelahanka,3,1474,3,Unfurnished,11,5.6,1,0,29976
BLR-0331,Hebbal,3,1626,3,Semi Furnished,5,4.6,1,1,37773
BLR-0332,HSR Layout,3,1645,3,Semi Furnished,13,3.0,1,1,62195
BLR-0333,HSR Layout,2,985,2,Unfurnished,13,5.0,1,0,34429
BLR-0334,HSR Layout,3,1392,2,Semi Furnished,18,2.2,1,0,49100
BLR-0335,Marathahalli,2,1055,3,Semi Furnished,8,6.1,1,1,35649
BLR-0336,Sarjapur Road,1,544,1,Semi Furnished,13,4.8,0,1,22146
BLR-0337,Electronic City,2,953,2,Fully Furnished,6,2.4,1,1,30469
BLR-0338,HSR Layout,3,1415,3,Unfurnished,20,2.0,1,1,60497
BLR-0339,Jayanagar,3,1557,4,Semi Furnished,6,2.0,0,0,55550
BLR-0340,Indiranagar,3,1669,2,Fully Furnished,5,1.3,0,1,82792
BLR-0341,Jayanagar,1,951,1,Semi Furnished,9,1.6,0,0,34020
BLR-0342,Marathahalli,3,1727,3,Unfurnished,5,4.9,1,0,47353
BLR-0343,Yelahanka,1,964,1,Fully Furnished,8,3.2,1,1,30695
BLR-0344,Kengeri,2,1132,3,Semi Furnished,18,6.6,1,1,23227
BLR-0345,Electronic City,1,677,1,Fully Furnished,5,1.6,1,1,25042
BLR-0346,Whitefield,2,1043,2,Semi Furnished,17,4.1,1,1,30420
BLR-0347,Indiranagar,3,1601,2,Fully Furnished,12,5.2,1,1,73482
BLR-0348,Banashankari,1,763,1,Unfurnished,10,6.6,1,1,20599
BLR-0349,Electronic City,2,1058,3,Fully Furnished,19,2.4,1,1,34682
BLR-0350,Koramangala,4,1731,4,Unfurnished,13,3.8,1,0,65644
BLR-0351,Marathahalli,3,1629,3,Unfurnished,2,1.6,0,1,48995
BLR-0352,Banashankari,3,1526,4,Semi Furnished,16,1.9,0,1,49040
BLR-0353,Yelahanka,1,717,2,Unfurnished,18,6.7,0,0,15981
BLR-0354,Indiranagar,2,1115,2,Semi Furnished,6,0.2,1,1,58277
BLR-0355,Whitefield,2,1209,2,Unfurnished,16,7.7,1,1,32786
BLR-0356,Yelahanka,1,790,2,Semi Furnished,10,4.7,1,0,22508
BLR-0357,Indiranagar,2,1136,2,Fully Furnished,19,3.6,1,1,67016
BLR-0358,Marathahalli,2,1192,3,Semi Furnished,11,5.2,1,0,40367
BLR-0359,Indiranagar,2,1290,3,Semi Furnished,16,8.0,1,1,56741
BLR-0360,Kengeri,1,974,1,Fully Furnished,0,3.4,1,1,26542
BLR-0361,Marathahalli,3,1634,3,Semi Furnished,3,3.7,1,1,50371
BLR-0362,Electronic City,2,1239,3,Semi Furnished,20,3.2,1,0,32069
BLR-0363,Marathahalli,2,1176,1,Unfurnished,2,6.9,0,1,34218
BLR-0364,Electronic City,2,1221,1,Semi Furnished,14,0.2,1,1,36246
BLR-0365,Marathahalli,1,752,1,Unfurnished,3,0.2,0,1,28699
BLR-0366,Jayanagar,2,1088,1,Semi Furnished,16,4.7,1,1,37264
BLR-0367,Whitefield,1,680,1,Unfurnished,3,0.9,1,1,23105
BLR-0368,Electronic City,1,726,2,Semi Furnished,7,2.0,0,1,15444
BLR-0369,Whitefield,1,732,1,Unfurnished,19,4.3,1,0,21891
BLR-0370,Jayanagar,2,971,2,Semi Furnished,16,1.8,1,1,38215
BLR-0371,Sarjapur Road,3,1412,3,Unfurnished,10,2.9,0,1,40950
BLR-0372,Hebbal,3,1528,3,Semi Furnished,9,3.8,0,1,46601
BLR-0373,Whitefield,2,1089,3,Semi Furnished,7,4.2,0,0,33075
BLR-0374,Electronic City,1,825,1,Fully Furnished,13,0.7,1,1,24474
BLR-0375,Sarjapur Road,1,749,1,Semi Furnished,2,3.0,0,1,28522
BLR-0376,Whitefield,1,833,1,Semi Furnished,18,0.4,1,0,28511
BLR-0377,Marathahalli,2,1034,2,Semi Furnished,5,4.3,1,1,37056
BLR-0378,Jayanagar,2,1177,3,Unfurnished,19,4.8,1,1,40988
BLR-0379,Whitefield,2,1378,2,Semi Furnished,5,7.2,1,1,41757
BLR-0380,Kengeri,3,1635,2,Unfurnished,20,2.4,1,1,34441
BLR-0381,Indiranagar,3,1357,3,Semi Furnished,14,1.3,1,1,76223
BLR-0382,Yelahanka,1,729,2,Semi Furnished,9,2.1,1,1,24172
BLR-0383,Yelahanka,2,1200,2,Unfurnished,14,2.4,0,1,25826
BLR-0384,Whitefield,2,1185,2,Unfurnished,11,2.2,1,1,41253
BLR-0385,Kengeri,3,1616,4,Unfurnished,18,1.0,1,1,29276
BLR-0386,Indiranagar,1,644,1,Unfurnished,5,5.0,1,1,29923
BLR-0387,Koramangala,2,1009,2,Unfurnished,14,1.0,0,1,38170
BLR-0388,Electronic City,2,1218,1,Unfurnished,3,2.4,0,1,23217
BLR-0389,Hebbal,4,1854,5,Semi Furnished,17,4.5,1,0,61299
BLR-0390,Hebbal,1,803,1,Fully Furnished,6,4.9,1,1,37693
BLR-0391,Banashankari,3,1476,2,Unfurnished,10,2.5,1,0,37372
BLR-0392,Banashankari,4,1771,5,Fully Furnished,20,4.2,1,1,60497
BLR-0393,Marathahalli,3,1516,4,Fully Furnished,10,5.0,1,1,54453
BLR-0394,Sarjapur Road,3,1270,3,Unfurnished,1,3.2,0,1,40230
BLR-0395,Indiranagar,2,1046,3,Semi Furnished,16,5.1,1,1,48270
BLR-0396,HSR Layout,2,1214,1,Semi Furnished,9,0.2,1,0,49001
BLR-0397,Jayanagar,3,1569,3,Unfurnished,5,0.9,1,1,61228
BLR-0398,Sarjapur Road,3,1473,3,Semi Furnished,11,2.9,1,1,46411
BLR-0399,Yelahanka,3,1747,4,Fully Furnished,13,2.8,0,0,41682
BLR-0400,Marathahalli,1,676,1,Fully Furnished,1,6.1,1,1,30234
BLR-0401,Whitefield,2,1065,3,Semi Furnished,8,2.2,0,1,38192
BLR-0402,HSR Layout,2,1155,2,Unfurnished,0,1.7,0,1,46044
BLR-0403,Marathahalli,2,1108,2,Semi Furnished,10,3.6,1,1,41673
BLR-0404,Banashankari,2,1057,1,Semi Furnished,7,3.9,1,1,33822
BLR-0405,Koramangala,2,1178,2,Unfurnished,8,4.0,1,0,36017
BLR-0406,Hebbal,2,1133,1,Semi Furnished,5,4.3,1,1,38640
BLR-0407,Hebbal,2,1105,2,Semi Furnished,8,1.4,1,1,46713
BLR-0408,Marathahalli,4,1913,5,Semi Furnished,17,5.6,1,1,56367
BLR-0409,Banashankari,4,2045,5,Semi Furnished,11,4.1,1,0,44515
BLR-0410,Electronic City,3,1360,3,Fully Furnished,15,0.5,0,0,36033
BLR-0411,Yelahanka,2,915,2,Semi Furnished,3,1.9,0,0,26787
BLR-0412,Banashankari,3,1578,2,Semi Furnished,0,1.3,1,1,45349
BLR-0413,Sarjapur Road,1,839,2,Semi Furnished,12,2.8,1,0,28214
BLR-0414,HSR Layout,2,1011,3,Unfurnished,14,3.6,0,1,40431
BLR-0415,Marathahalli,4,1870,4,Unfurnished,5,2.5,1,1,51229
BLR-0416,Jayanagar,4,1813,3,Unfurnished,17,0.5,1,1,67697
BLR-0417,Kengeri,2,1101,3,Semi Furnished,3,3.9,1,1,26803
BLR-0418,Jayanagar,2,980,2,Semi Furnished,16,8.7,1,1,38276
BLR-0419,Koramangala,3,1602,3,Semi Furnished,11,0.2,0,0,61893
BLR-0420,Whitefield,2,1214,2,Unfurnished,9,1.7,1,1,41188
BLR-0421,Banashankari,2,1067,2,Unfurnished,19,6.9,1,1,25340
BLR-0422,Koramangala,2,1115,1,Semi Furnished,14,4.4,1,0,50678
BLR-0423,Jayanagar,2,1144,3,Semi Furnished,9,3.1,1,1,42170
BLR-0424,Whitefield,2,1208,3,Fully Furnished,13,3.6,1,1,47055
BLR-0425,Banashankari,1,708,1,Semi Furnished,6,5.4,1,1,26771
BLR-0426,Whitefield,2,1192,2,Fully Furnished,11,1.4,1,1,42842
BLR-0427,Hebbal,4,2093,4,Fully Furnished,18,2.1,0,1,62811
BLR-0428,HSR Layout,3,1672,3,Fully Furnished,13,6.8,1,0,58899
BLR-0429,Jayanagar,2,1240,1,Semi Furnished,6,0.3,1,0,50029
BLR-0430,Electronic City,2,1123,2,Semi Furnished,20,0.3,1,0,26544
BLR-0431,Koramangala,4,1784,4,Semi Furnished,4,3.2,1,0,79239
BLR-0432,Koramangala,2,1267,2,Semi Furnished,3,1.8,0,1,56992
BLR-0433,Hebbal,3,1471,2,Fully Furnished,1,2.7,1,1,48350
BLR-0434,Koramangala,2,1187,1,Semi Furnished,7,2.3,1,1,57673
BLR-0435,Jayanagar,4,2228,4,Unfurnished,19,4.6,0,0,64759
BLR-0436,Koramangala,3,1457,2,Unfurnished,10,4.5,1,1,61140
BLR-0437,Jayanagar,2,1021,1,Unfurnished,16,1.7,1,0,39061
BLR-0438,Marathahalli,3,1587,3,Unfurnished,5,7.3,1,1,46769
BLR-0439,Yelahanka,2,790,2,Semi Furnished,18,0.2,1,0,25703
BLR-0440,Whitefield,1,684,2,Semi Furnished,15,2.4,1,1,29294
BLR-0441,Indiranagar,2,1170,3,Semi Furnished,14,3.2,1,0,53446
BLR-0442,Sarjapur Road,2,1209,2,Semi Furnished,8,4.2,0,1,36738
BLR-0443,Indiranagar,2,1196,2,Unfurnished,6,2.3,1,1,52123
BLR-0444,Electronic City,2,981,1,Fully Furnished,2,1.8,1,1,32003
BLR-0445,Marathahalli,1,599,1,Unfurnished,10,0.2,1,1,26121
BLR-0446,Koramangala,2,1165,2,Semi Furnished,18,4.5,1,1,50376
BLR-0447,Indiranagar,3,1530,2,Unfurnished,11,6.1,1,1,62503
BLR-0448,Whitefield,3,1586,2,Fully Furnished,2,1.9,1,0,60991
BLR-0449,Yelahanka,1,782,1,Semi Furnished,6,3.7,1,1,9679
BLR-0450,Whitefield,3,1583,4,Semi Furnished,16,1.3,1,0,47362
BLR-0451,Hebbal,2,993,3,Semi Furnished,9,1.4,1,1,34855
BLR-0452,Banashankari,2,963,2,Fully Furnished,5,4.7,1,1,35169
BLR-0453,Marathahalli,3,1612,4,Semi Furnished,10,1.9,0,0,48666
BLR-0454,Yelahanka,3,1531,3,Unfurnished,6,3.8,0,0,31372
BLR-0455,Yelahanka,3,1455,2,Unfurnished,2,1.0,0,1,27918
BLR-0456,Indiranagar,3,1493,3,Semi Furnished,1,0.2,1,0,78017
BLR-0457,Whitefield,1,789,1,Semi Furnished,17,3.9,1,1,27676
BLR-0458,Sarjapur Road,3,1697,3,Semi Furnished,12,1.4,1,1,59717
BLR-0459,HSR Layout,2,1119,3,Semi Furnished,10,7.5,1,1,49157
BLR-0460,Whitefield,3,1427,2,Unfurnished,4,3.6,1,1,46934
BLR-0461,Sarjapur Road,2,1124,1,Semi Furnished,11,3.1,1,1,37227
BLR-0462,Jayanagar,2,1234,2,Semi Furnished,2,3.0,1,1,49853
BLR-0463,Whitefield,4,1743,4,Fully Furnished,18,3.3,1,0,59432
BLR-0464,Marathahalli,2,1179,2,Unfurnished,1,1.0,0,1,36407
BLR-0465,Sarjapur Road,3,1536,4,Unfurnished,6,0.4,1,0,44910
BLR-0466,Indiranagar,1,701,1,Fully Furnished,14,7.9,1,0,27590
BLR-0467,Jayanagar,2,1083,2,Semi Furnished,10,6.5,0,1,36582
BLR-0468,Marathahalli,3,1612,3,Unfurnished,3,1.3,1,0,50563
BLR-0469,Yelahanka,2,1120,2,Fully Furnished,4,7.0,1,0,22377
BLR-0470,Jayanagar,2,1135,1,Fully Furnished,1,2.9,1,1,50656
BLR-0471,Indiranagar,1,630,2,Unfurnished,7,4.4,0,0,19122
BLR-0472,Yelahanka,1,894,2,Fully Furnished,5,3.0,0,1,26068
BLR-0473,Yelahanka,3,1522,4,Semi Furnished,8,3.2,1,1,31749
BLR-0474,Electronic City,1,910,1,Semi Furnished,11,0.6,1,1,29228
BLR-0475,Electronic City,2,1139,2,Semi Furnished,14,2.7,1,1,36723
BLR-0476,Marathahalli,2,1159,2,Semi Furnished,8,1.5,0,1,34364
BLR-0477,Yelahanka,2,1097,1,Unfurnished,13,1.9,1,0,26418
BLR-0478,HSR Layout,3,1474,4,Semi Furnished,15,5.1,1,1,51698
BLR-0479,Indiranagar,1,809,1,Unfurnished,19,3.4,1,1,34891
BLR-0480,Banashankari,2,1178,2,Unfurnished,19,0.3,1,1,31335
BLR-0481,Kengeri,3,1382,4,Fully Furnished,18,3.5,0,0,26077
BLR-0482,Koramangala,1,613,1,Semi Furnished,10,3.3,1,1,31636
BLR-0483,Yelahanka,2,1068,2,Unfurnished,1,3.5,1,1,21831
BLR-0484,Banashankari,1,682,1,Semi Furnished,13,5.2,1,0,21731
BLR-0485,Electronic City,3,1686,2,Unfurnished,1,0.9,1,0,28168
BLR-0486,Marathahalli,4,1952,4,Semi Furnished,17,3.0,1,1,59944
BLR-0487,Jayanagar,1,766,2,Fully Furnished,10,4.6,0,1,38200
BLR-0488,Banashankari,2,1073,2,Unfurnished,13,0.2,1,1,28420
BLR-0489,Hebbal,1,766,1,Semi Furnished,1,1.8,0,1,33450
BLR-0490,Electronic City,2,944,1,Unfurnished,8,3.8,0,1,19366
BLR-0491,Hebbal,3,1478,3,Fully Furnished,9,0.2,1,1,55634
BLR-0492,Sarjapur Road,2,1144,1,Semi Furnished,9,4.9,1,0,36345
BLR-0493,Yelahanka,1,823,1,Fully Furnished,10,0.2,0,1,22408
BLR-0494,Koramangala,2,1195,3,Semi Furnished,13,0.8,1,1,59265
BLR-0495,Sarjapur Road,3,1690,3,Fully Furnished,16,2.5,0,0,56806
BLR-0496,Jayanagar,1,695,2,Semi Furnished,6,0.6,1,0,37440
BLR-0497,Jayanagar,3,1584,4,Semi Furnished,18,5.6,1,1,55979
BLR-0498,HSR Layout,2,1065,2,Semi Furnished,11,3.4,1,1,40085
BLR-0499,Koramangala,1,713,1,Fully Furnished,8,0.2,1,0,46895
BLR-0500,Yelahanka,1,795,1,Fully Furnished,20,2.3,0,1,19532
BLR-0501,Indiranagar,3,1354,4,Unfurnished,1,0.2,1,0,55906
BLR-0502,Banashankari,1,692,1,Unfurnished,0,2.3,0,1,14391
BLR-0503,HSR Layout,1,617,2,Unfurnished,9,4.3,0,1,21811
BLR-0504,Sarjapur Road,3,1466,3,Semi Furnished,19,4.2,0,1,40805
BLR-0505,Whitefield,1,589,2,Semi Furnished,20,4.9,0,1,19637
BLR-0506,Whitefield,2,1084,2,Unfurnished,15,0.2,1,1,33281
BLR-0507,Electronic City,2,1172,2,Fully Furnished,3,0.2,1,0,37280
BLR-0508,Marathahalli,2,1026,1,Semi Furnished,19,4.0,1,1,30743
BLR-0509,Sarjapur Road,3,1638,3,Semi Furnished,14,4.1,0,1,53076
BLR-0510,Marathahalli,2,1285,2,Semi Furnished,20,2.4,1,1,40911
BLR-0511,Marathahalli,3,1699,3,Semi Furnished,12,3.1,1,1,54037
BLR-0512,Sarjapur Road,3,1562,3,Semi Furnished,4,1.8,1,1,53427
BLR-0513,Jayanagar,2,1226,3,Semi Furnished,13,3.5,1,1,48335
BLR-0514,Banashankari,2,1293,2,Semi Furnished,12,5.0,1,1,35453
BLR-0515,HSR Layout,2,1283,3,Semi Furnished,15,3.2,1,1,45996
BLR-0516,Hebbal,3,1428,4,Semi Furnished,10,2.9,1,1,49057
BLR-0517,Kengeri,2,1294,3,Fully Furnished,12,0.2,1,0,32623
BLR-0518,Yelahanka,2,1401,2,Semi Furnished,8,2.4,1,1,31555
BLR-0519,Hebbal,3,1644,2,Fully Furnished,2,2.7,1,1,49133
BLR-0520,Yelahanka,3,1478,4,Fully Furnished,18,0.2,1,1,45123
BLR-0521,Electronic City,2,1122,2,Unfurnished,19,3.8,1,1,23296
BLR-0522,Sarjapur Road,2,1055,2,Semi Furnished,3,3.4,1,1,47048
BLR-0523,Indiranagar,2,1122,2,Unfurnished,16,7.3,0,0,40753
BLR-0524,HSR Layout,2,1230,2,Semi Furnished,1,3.4,1,1,46759
BLR-0525,HSR Layout,1,712,1,Unfurnished,5,4.4,1,1,33281
BLR-0526,Jayanagar,4,2088,4,Semi Furnished,13,4.1,1,1,77820
BLR-0527,Sarjapur Road,2,1016,1,Fully Furnished,19,0.2,1,1,37718
BLR-0528,Kengeri,2,1167,1,Semi Furnished,6,2.6,1,1,28431
BLR-0529,Hebbal,3,1350,4,Semi Furnished,3,1.1,1,1,52706
BLR-0530,Banashankari,3,1748,2,Semi Furnished,16,2.3,1,0,43433
BLR-0531,Marathahalli,2,1113,2,Unfurnished,4,7.5,1,1,33210
BLR-0532,Hebbal,2,1049,2,Unfurnished,16,0.3,1,1,34436
BLR-0533,Banashankari,2,1029,2,Unfurnished,19,4.3,1,1,22702
BLR-0534,HSR Layout,1,803,2,Fully Furnished,8,1.4,0,0,45982
BLR-0535,Hebbal,2,931,1,Unfurnished,4,2.3,1,1,29514
BLR-0536,Kengeri,1,549,1,Semi Furnished,18,3.3,1,1,18338
BLR-0537,Electronic City,3,1570,3,Semi Furnished,14,2.3,1,0,40668
BLR-0538,Jayanagar,2,1221,2,Unfurnished,1,0.2,1,1,48483
BLR-0539,Koramangala,2,1058,2,Unfurnished,8,2.8,1,1,49001
BLR-0540,HSR Layout,3,1502,3,Unfurnished,4,1.1,1,0,55312
BLR-0541,Yelahanka,2,1347,2,Semi Furnished,16,0.7,0,0,30924
BLR-0542,Sarjapur Road,1,755,2,Fully Furnished,2,4.9,1,1,38192
BLR-0543,Jayanagar,1,721,1,Unfurnished,19,1.0,1,1,33803
BLR-0544,Koramangala,2,1312,2,Fully Furnished,12,4.7,0,1,70483
BLR-0545,Electronic City,2,1164,2,Semi Furnished,7,0.2,1,1,30638
BLR-0546,Yelahanka,1,800,1,Semi Furnished,18,2.7,1,1,21648
BLR-0547,Yelahanka,2,1164,2,Fully Furnished,1,3.6,1,1,33335
BLR-0548,Electronic City,2,1327,1,Fully Furnished,16,4.0,0,1,38729
BLR-0549,Whitefield,4,1997,4,Fully Furnished,20,2.2,1,0,68124
BLR-0550,Electronic City,1,735,2,Semi Furnished,3,3.5,1,1,26757
BLR-0551,Electronic City,1,1062,1,Semi Furnished,17,1.5,1,1,29079
BLR-0552,Marathahalli,2,1208,1,Semi Furnished,6,3.9,1,0,29402
BLR-0553,Whitefield,4,1845,5,Unfurnished,20,6.0,1,1,64855
BLR-0554,Kengeri,1,557,1,Semi Furnished,4,0.8,1,1,18721
BLR-0555,Whitefield,2,1089,3,Semi Furnished,16,1.0,1,0,37959
BLR-0556,Hebbal,3,1678,3,Semi Furnished,3,3.7,1,1,48943
BLR-0557,Marathahalli,2,1065,2,Fully Furnished,15,1.2,0,1,42843
BLR-0558,Sarjapur Road,3,1695,3,Semi Furnished,14,3.3,0,0,45425
BLR-0559,Jayanagar,2,1162,2,Unfurnished,16,5.5,1,0,39640
BLR-0560,Marathahalli,3,1552,3,Semi Furnished,14,5.9,1,1,53521
BLR-0561,Kengeri,2,1205,2,Semi Furnished,10,2.9,1,1,25755
BLR-0562,Electronic City,3,1474,3,Unfurnished,12,1.6,1,0,29749
BLR-0563,Sarjapur Road,2,1207,1,Fully Furnished,12,4.7,1,0,39239
BLR-0564,Jayanagar,3,1356,3,Semi Furnished,1,2.1,1,0,51573
BLR-0565,Electronic City,3,1766,2,Semi Furnished,20,3.6,1,1,43275
BLR-0566,Banashankari,2,1069,2,Unfurnished,20,4.6,1,1,27883
BLR-0567,Electronic City,2,1301,2,Unfurnished,20,1.0,0,1,25850
BLR-0568,Hebbal,2,930,2,Unfurnished,4,5.1,1,1,30773
BLR-0569,Hebbal,2,1092,2,Fully Furnished,11,4.9,1,1,43889
BLR-0570,Banashankari,1,924,1,Unfurnished,5,1.1,1,0,18316
BLR-0571,Jayanagar,4,1923,4,Fully Furnished,18,2.9,0,1,72955
BLR-0572,Electronic City,3,1649,3,Semi Furnished,13,3.6,0,0,36394
BLR-0573,Hebbal,3,1673,4,Unfurnished,11,1.0,1,1,53212
BLR-0574,Jayanagar,2,999,2,Semi Furnished,11,4.9,1,0,34110
BLR-0575,Banashankari,2,998,1,Semi Furnished,6,5.3,1,1,30442
BLR-0576,Electronic City,1,790,1,Semi Furnished,1,5.9,1,0,15652
BLR-0577,Whitefield,2,884,3,Semi Furnished,11,4.0,1,1,45040
BLR-0578,Banashankari,2,1065,2,Unfurnished,4,6.8,1,1,25655
BLR-0579,Yelahanka,2,1239,2,Semi Furnished,16,2.0,1,0,30639
BLR-0580,Kengeri,2,1088,2,Semi Furnished,2,6.1,1,1,27850
BLR-0581,Sarjapur Road,2,1064,2,Fully Furnished,12,4.4,1,1,35031
BLR-0582,Whitefield,4,2010,3,Unfurnished,10,6.3,1,1,59124
BLR-0583,Indiranagar,3,1345,3,Semi Furnished,13,1.5,1,0,60680
BLR-0584,Yelahanka,2,1227,2,Semi Furnished,7,2.9,1,0,32182
BLR-0585,HSR Layout,4,1864,4,Semi Furnished,2,2.4,1,1,69750
BLR-0586,Electronic City,3,1551,3,Semi Furnished,10,1.9,0,1,30757
BLR-0587,Kengeri,3,1362,3,Fully Furnished,1,0.2,1,1,39710
BLR-0588,Hebbal,3,1226,3,Fully Furnished,6,0.9,1,1,45547
BLR-0589,Koramangala,1,492,1,Unfurnished,4,0.3,0,1,34614
BLR-0590,Electronic City,4,1999,5,Unfurnished,5,3.8,1,0,48339
BLR-0591,Jayanagar,3,1568,4,Semi Furnished,2,4.5,1,0,59012
BLR-0592,Sarjapur Road,2,1125,2,Fully Furnished,8,5.6,1,1,42442
BLR-0593,Sarjapur Road,1,824,1,Unfurnished,5,0.9,1,1,25992
BLR-0594,Koramangala,2,1068,2,Semi Furnished,14,0.2,0,1,56526
BLR-0595,Yelahanka,2,1331,1,Unfurnished,20,5.2,0,1,22319
BLR-0596,HSR Layout,1,600,1,Unfurnished,13,5.0,0,1,26064
BLR-0597,Hebbal,3,1485,3,Semi Furnished,11,5.4,1,1,48694
BLR-0598,Electronic City,1,720,1,Unfurnished,0,6.9,1,1,17284
BLR-0599,Yelahanka,2,1105,2,Fully Furnished,8,1.0,0,1,37727
BLR-0600,Marathahalli,2,1184,2,Semi Furnished,19,1.9,1,0,27940
BLR-0601,Banashankari,2,1042,2,Unfurnished,18,1.2,0,1,22539
BLR-0602,Marathahalli,2,1057,3,Fully Furnished,2,3.9,1,1,40408
BLR-0603,Hebbal,2,941,2,Semi Furnished,7,3.0,1,1,36697
BLR-0604,Electronic City,2,1061,2,Semi Furnished,4,0.7,1,1,32108
BLR-0605,Sarjapur Road,2,1113,2,Semi Furnished,4,5.2,0,1,32424
BLR-0606,Marathahalli,1,804,1,Semi Furnished,1,0.2,1,1,33352
BLR-0607,Sarjapur Road,3,1475,2,Fully Furnished,10,2.5,1,0,53614
BLR-0608,Electronic City,3,1454,4,Semi Furnished,3,1.1,1,1,39826
BLR-0609,Whitefield,2,1062,2,Semi Furnished,17,5.0,1,1,39150
BLR-0610,Electronic City,3,1585,3,Semi Furnished,15,4.0,1,1,27818
BLR-0611,Banashankari,3,1688,2,Fully Furnished,18,2.6,1,0,46849
BLR-0612,Hebbal,2,1080,3,Unfurnished,20,2.8,1,1,31897
BLR-0613,Sarjapur Road,3,1576,3,Semi Furnished,12,1.7,0,1,56203
BLR-0614,Jayanagar,3,1491,3,Fully Furnished,9,4.4,1,1,69485
BLR-0615,Yelahanka,3,1543,4,Semi Furnished,13,3.1,1,0,34634
BLR-0616,Indiranagar,2,1309,2,Semi Furnished,4,2.5,1,0,59380
BLR-0617,Koramangala,2,1163,2,Semi Furnished,19,0.3,1,1,55165
BLR-0618,HSR Layout,2,998,3,Unfurnished,7,1.1,1,1,37471
BLR-0619,Banashankari,2,991,2,Semi Furnished,6,0.7,1,0,25691
BLR-0620,Sarjapur Road,2,1141,2,Unfurnished,7,0.2,1,0,37096
BLR-0621,Jayanagar,1,832,2,Unfurnished,8,4.0,0,0,24488
BLR-0622,Whitefield,2,1227,2,Unfurnished,2,3.1,1,1,40006
BLR-0623,Hebbal,3,1614,4,Unfurnished,7,5.2,1,1,45734
BLR-0624,Hebbal,2,1253,3,Semi Furnished,6,2.5,1,0,34452
BLR-0625,Marathahalli,3,1643,3,Semi Furnished,1,3.4,0,1,53907
BLR-0626,Sarjapur Road,1,668,1,Semi Furnished,15,5.4,1,1,26881
BLR-0627,Yelahanka,2,1148,2,Fully Furnished,13,2.2,1,1,30944
BLR-0628,Indiranagar,2,1052,2,Unfurnished,19,1.8,1,1,45804
BLR-0629,Electronic City,2,1066,2,Semi Furnished,7,4.4,0,1,27717
BLR-0630,Banashankari,1,789,1,Fully Furnished,0,0.2,1,1,38521
BLR-0631,Indiranagar,2,1036,1,Unfurnished,6,3.8,1,1,39794
BLR-0632,Jayanagar,3,1437,3,Fully Furnished,18,2.9,0,1,56755
BLR-0633,Banashankari,3,1484,3,Fully Furnished,7,3.0,0,1,51660
BLR-0634,Indiranagar,2,1358,2,Semi Furnished,18,3.5,0,1,59603
BLR-0635,Sarjapur Road,2,1140,1,Semi Furnished,17,2.3,1,1,42267
BLR-0636,Indiranagar,3,1593,4,Unfurnished,1,5.8,1,1,75653
BLR-0637,Jayanagar,3,1544,4,Unfurnished,6,0.2,0,1,51158
BLR-0638,Whitefield,3,1604,3,Fully Furnished,12,1.9,1,0,56513
BLR-0639,Banashankari,1,875,1,Semi Furnished,3,6.2,1,1,27100
BLR-0640,HSR Layout,2,1074,2,Semi Furnished,7,0.2,1,1,46667
BLR-0641,Sarjapur Road,3,1317,2,Semi Furnished,12,0.7,0,1,49340
BLR-0642,Sarjapur Road,2,1090,2,Fully Furnished,2,1.8,1,1,51333
BLR-0643,Whitefield,3,1581,3,Fully Furnished,18,1.1,1,1,60204
BLR-0644,Whitefield,2,927,2,Semi Furnished,3,2.2,0,1,41800
BLR-0645,Electronic City,2,1146,2,Semi Furnished,4,6.9,1,1,29722
BLR-0646,Koramangala,2,1400,1,Fully Furnished,13,0.3,1,1,67533
BLR-0647,Yelahanka,2,1241,3,Semi Furnished,13,2.2,0,1,37683
BLR-0648,Sarjapur Road,4,1951,4,Fully Furnished,8,3.0,1,0,65515
BLR-0649,Koramangala,2,1019,3,Fully Furnished,10,1.4,0,1,64937
BLR-0650,Electronic City,2,1101,2,Fully Furnished,4,0.2,0,1,30936
BLR-0651,HSR Layout,2,1185,2,Unfurnished,2,0.2,0,0,46671
BLR-0652,Indiranagar,2,1245,2,Unfurnished,4,5.7,1,0,49873
BLR-0653,HSR Layout,3,1633,2,Semi Furnished,1,3.4,0,1,60633
BLR-0654,Electronic City,2,1049,1,Unfurnished,6,4.7,0,1,20231
BLR-0655,Kengeri,2,1226,2,Unfurnished,14,8.0,1,1,24714
BLR-0656,Electronic City,3,1722,4,Semi Furnished,15,1.3,1,1,41688
BLR-0657,Whitefield,1,1013,1,Unfurnished,10,6.3,1,1,30544
BLR-0658,Sarjapur Road,2,1195,2,Semi Furnished,6,3.9,1,0,44313
BLR-0659,Indiranagar,3,1589,2,Semi Furnished,20,4.9,1,0,65873
BLR-0660,Indiranagar,1,856,2,Semi Furnished,16,3.3,1,0,40271
BLR-0661,Sarjapur Road,2,1428,3,Semi Furnished,6,1.8,1,1,46368
BLR-0662,Sarjapur Road,4,1914,3,Semi Furnished,19,1.4,1,1,59149
BLR-0663,Kengeri,2,1121,2,Unfurnished,8,3.7,1,1,20167
BLR-0664,Banashankari,2,1205,3,Semi Furnished,14,3.7,1,1,39101
BLR-0665,HSR Layout,1,918,2,Unfurnished,19,2.0,1,1,30542
BLR-0666,Yelahanka,1,681,1,Fully Furnished,12,3.2,1,1,21925
BLR-0667,Marathahalli,2,1278,2,Fully Furnished,10,6.3,1,1,39853
BLR-0668,HSR Layout,2,1201,2,Fully Furnished,13,1.9,1,0,47842
BLR-0669,Indiranagar,3,1300,3,Unfurnished,18,2.0,1,1,64278
BLR-0670,Electronic City,2,1081,2,Semi Furnished,6,1.5,1,1,34051
BLR-0671,Koramangala,2,897,2,Unfurnished,5,5.2,1,1,42855
BLR-0672,Koramangala,3,1398,4,Unfurnished,10,5.1,1,1,56547
BLR-0673,Indiranagar,2,1122,3,Semi Furnished,2,2.2,1,1,58855
BLR-0674,Hebbal,2,918,2,Unfurnished,2,4.6,0,1,29247
BLR-0675,Whitefield,3,1590,3,Semi Furnished,3,4.2,0,1,52328
BLR-0676,Jayanagar,2,1012,1,Unfurnished,14,2.7,1,0,35999
BLR-0677,Jayanagar,3,1477,2,Unfurnished,3,1.8,1,1,57167
BLR-0678,Indiranagar,3,1489,3,Semi Furnished,19,4.3,1,1,69123
BLR-0679,Kengeri,2,1109,1,Semi Furnished,11,1.2,1,1,23224
BLR-0680,Kengeri,3,1633,3,Semi Furnished,2,6.5,1,0,36888
BLR-0681,Kengeri,4,1819,4,Semi Furnished,12,2.4,1,1,43614
BLR-0682,Banashankari,3,1481,3,Semi Furnished,4,5.6,1,0,40766
BLR-0683,Marathahalli,3,1560,3,Semi Furnished,2,4.3,1,1,54729
BLR-0684,HSR Layout,2,1147,2,Unfurnished,20,3.5,1,1,30652
BLR-0685,Sarjapur Road,2,1155,2,Semi Furnished,16,0.2,1,1,44997
BLR-0686,Koramangala,2,1422,1,Fully Furnished,1,4.7,1,1,64300
BLR-0687,Banashankari,2,1101,2,Semi Furnished,8,5.8,1,0,30586
BLR-0688,Indiranagar,2,1057,1,Unfurnished,10,8.9,1,0,35168
BLR-0689,HSR Layout,3,1687,3,Semi Furnished,15,6.0,0,1,62737
BLR-0690,Hebbal,3,1599,3,Unfurnished,19,3.8,1,1,48557
BLR-0691,Electronic City,2,1426,2,Unfurnished,5,2.6,0,0,28079
BLR-0692,HSR Layout,2,1106,2,Semi Furnished,12,0.7,0,1,39782
BLR-0693,Indiranagar,1,630,1,Unfurnished,15,1.6,1,0,26635
BLR-0694,Yelahanka,2,1132,2,Fully Furnished,4,3.0,1,1,33766
BLR-0695,Yelahanka,2,1036,3,Semi Furnished,11,7.6,1,1,29057
BLR-0696,Jayanagar,3,1607,4,Semi Furnished,16,5.2,1,0,63088
BLR-0697,Kengeri,2,1333,3,Unfurnished,6,4.8,1,1,27226
BLR-0698,Sarjapur Road,2,1098,2,Unfurnished,11,7.3,1,0,22503
BLR-0699,Whitefield,2,1227,2,Unfurnished,15,2.2,1,1,40129
BLR-0700,Kengeri,1,766,2,Semi Furnished,19,4.5,1,1,15566
BLR-0701,Electronic City,4,1895,4,Semi Furnished,6,4.4,1,1,44422
BLR-0702,Hebbal,2,1014,2,Semi Furnished,2,5.9,1,1,31601
BLR-0703,Sarjapur Road,4,1641,5,Semi Furnished,10,2.3,1,1,58905
BLR-0704,Koramangala,3,1498,2,Unfurnished,18,4.7,1,1,52479
BLR-0705,Yelahanka,4,1761,4,Semi Furnished,18,3.0,0,1,45307
BLR-0706,Whitefield,2,1110,2,Semi Furnished,13,3.9,1,1,47004
BLR-0707,Banashankari,3,1490,3,Semi Furnished,16,4.7,0,1,36795
BLR-0708,Yelahanka,2,1227,2,Semi Furnished,16,5.8,1,1,18915
BLR-0709,Marathahalli,2,1156,2,Semi Furnished,18,1.4,0,1,37722
BLR-0710,Kengeri,3,1545,4,Semi Furnished,2,0.2,0,1,35483
BLR-0711,Jayanagar,2,1286,3,Unfurnished,20,0.2,1,1,43220
BLR-0712,Jayanagar,3,1470,3,Semi Furnished,12,5.5,0,1,54069
BLR-0713,Sarjapur Road,3,1368,3,Semi Furnished,4,1.9,0,1,49012
BLR-0714,HSR Layout,3,1716,3,Unfurnished,8,1.8,1,0,54841
BLR-0715,Indiranagar,3,1441,3,Unfurnished,3,5.6,1,0,56976
BLR-0716,Electronic City,4,1968,4,Semi Furnished,17,0.2,1,0,53368
BLR-0717,Jayanagar,2,1048,3,Unfurnished,20,2.9,1,0,31067
BLR-0718,Koramangala,1,704,2,Semi Furnished,5,1.5,0,1,38862
BLR-0719,Koramangala,1,895,1,Semi Furnished,3,2.5,0,1,39747
BLR-0720,Sarjapur Road,3,1491,3,Unfurnished,14,0.9,1,1,43402
BLR-0721,Jayanagar,2,1168,2,Semi Furnished,19,1.2,0,1,46991
BLR-0722,Jayanagar,2,979,1,Unfurnished,14,3.8,1,1,39474
BLR-0723,Whitefield,3,1463,2,Fully Furnished,0,2.3,1,1,53700
BLR-0724,Koramangala,2,914,2,Semi Furnished,18,1.3,1,0,40069
BLR-0725,Banashankari,3,1495,3,Semi Furnished,0,8.5,1,1,38625
BLR-0726,Koramangala,2,826,3,Fully Furnished,17,2.9,1,1,58478
BLR-0727,Banashankari,1,518,1,Fully Furnished,15,2.5,1,1,33313
BLR-0728,Hebbal,2,1300,3,Fully Furnished,8,2.9,1,1,45531
BLR-0729,Indiranagar,2,1131,2,Semi Furnished,20,1.7,0,1,50987
BLR-0730,Banashankari,2,1110,2,Fully Furnished,8,5.3,1,1,33209
BLR-0731,Whitefield,2,1060,2,Semi Furnished,4,6.1,1,1,42570
BLR-0732,Electronic City,1,752,1,Unfurnished,3,4.1,0,0,19023
BLR-0733,Marathahalli,1,696,2,Semi Furnished,1,6.7,1,1,26628
BLR-0734,Sarjapur Road,2,1166,1,Unfurnished,1,2.5,1,0,30823
BLR-0735,Jayanagar,2,1175,2,Semi Furnished,14,3.0,0,1,41849
BLR-0736,HSR Layout,1,628,1,Semi Furnished,5,3.5,0,0,31032
BLR-0737,Koramangala,2,1124,1,Semi Furnished,15,1.7,1,0,51996
BLR-0738,Sarjapur Road,4,2156,4,Semi Furnished,1,5.4,0,1,65681
BLR-0739,Sarjapur Road,2,1131,2,Unfurnished,19,0.2,0,1,35214
BLR-0740,Yelahanka,2,1179,3,Semi Furnished,14,0.7,0,1,29888
BLR-0741,Jayanagar,2,1079,3,Semi Furnished,9,1.9,1,0,48086
BLR-0742,Kengeri,4,1855,4,Unfurnished,20,3.9,1,1,32454
BLR-0743,Koramangala,3,1428,4,Semi Furnished,9,5.0,0,1,69754
BLR-0744,Marathahalli,2,1040,1,Semi Furnished,17,4.2,1,0,27416
BLR-0745,HSR Layout,3,1313,2,Semi Furnished,11,1.2,1,1,63864
BLR-0746,HSR Layout,3,1622,4,Semi Furnished,8,3.3,1,1,66704
BLR-0747,Indiranagar,3,1642,2,Semi Furnished,18,0.2,1,0,70974
BLR-0748,Koramangala,2,1157,1,Fully Furnished,11,0.9,1,1,61190
BLR-0749,Sarjapur Road,2,1110,2,Semi Furnished,2,2.4,1,1,39233
BLR-0750,Kengeri,1,784,1,Fully Furnished,4,4.2,1,1,22330
BLR-0751,Electronic City,3,1483,3,Semi Furnished,16,2.1,1,1,39079
BLR-0752,Electronic City,2,980,3,Semi Furnished,15,1.9,1,0,29464
BLR-0753,Kengeri,2,1194,2,Semi Furnished,5,2.7,1,1,24658
BLR-0754,Jayanagar,3,1653,3,Semi Furnished,8,0.2,0,1,68673
BLR-0755,Jayanagar,2,1235,1,Semi Furnished,19,1.9,0,1,48127
BLR-0756,Hebbal,1,806,2,Unfurnished,11,1.7,0,1,28558
BLR-0757,Whitefield,3,1541,4,Semi Furnished,13,4.3,1,1,51385
BLR-0758,HSR Layout,3,1453,3,Semi Furnished,5,1.7,1,0,59513
BLR-0759,Marathahalli,2,1140,1,Semi Furnished,0,4.1,1,1,37424
BLR-0760,Koramangala,3,1532,3,Unfurnished,12,0.4,0,1,64472
BLR-0761,Whitefield,3,1667,3,Semi Furnished,5,1.3,0,1,57201
BLR-0762,Hebbal,4,1893,3,Semi Furnished,19,3.6,1,1,52700
BLR-0763,Hebbal,2,1110,2,Fully Furnished,2,6.7,0,1,40855
BLR-0764,Koramangala,3,1682,2,Unfurnished,13,5.4,1,1,62922
BLR-0765,Banashankari,3,1650,4,Semi Furnished,5,2.9,1,1,53642
BLR-0766,Marathahalli,2,1191,2,Unfurnished,8,3.9,1,1,31148
BLR-0767,Electronic City,2,1314,2,Unfurnished,11,1.7,1,1,36540
BLR-0768,HSR Layout,2,929,2,Semi Furnished,4,0.2,1,0,40457
BLR-0769,Yelahanka,1,702,1,Semi Furnished,17,2.7,1,1,24033
BLR-0770,Jayanagar,1,350,1,Semi Furnished,1,3.1,1,1,29320
BLR-0771,Yelahanka,2,1147,2,Semi Furnished,3,4.0,0,0,29615
BLR-0772,Hebbal,3,1522,3,Semi Furnished,4,4.2,0,1,45750
BLR-0773,Electronic City,1,786,1,Semi Furnished,5,1.6,1,0,23611
BLR-0774,Hebbal,2,1069,2,Unfurnished,18,3.5,0,1,33169
BLR-0775,HSR Layout,3,1440,3,Unfurnished,14,2.9,0,1,51521
BLR-0776,Whitefield,1,792,1,Fully Furnished,13,0.2,1,0,36740
BLR-0777,Jayanagar,3,1678,4,Fully Furnished,18,5.9,1,0,65337
BLR-0778,Banashankari,2,950,3,Semi Furnished,12,0.2,1,0,37196
BLR-0779,Marathahalli,2,1210,2,Unfurnished,20,1.8,0,1,31545
BLR-0780,Whitefield,1,765,2,Unfurnished,2,3.2,0,1,28508
BLR-0781,HSR Layout,2,1109,2,Semi Furnished,10,4.1,1,1,35843
BLR-0782,Kengeri,2,1352,2,Semi Furnished,8,0.2,0,1,29775
BLR-0783,Hebbal,3,1500,2,Unfurnished,19,1.4,1,1,47141
BLR-0784,Koramangala,1,812,1,Semi Furnished,19,4.2,1,1,42781
BLR-0785,Koramangala,2,1193,2,Semi Furnished,5,1.8,1,1,55746
BLR-0786,Marathahalli,2,1265,2,Semi Furnished,19,3.6,1,1,36233
BLR-0787,Banashankari,3,1461,4,Fully Furnished,3,0.9,1,0,45791
BLR-0788,Hebbal,1,781,2,Semi Furnished,13,2.7,0,0,18470
BLR-0789,Hebbal,2,1241,2,Semi Furnished,1,5.5,1,1,37768
BLR-0790,Indiranagar,3,1502,4,Semi Furnished,5,6.4,0,1,70428
BLR-0791,HSR Layout,2,1172,1,Semi Furnished,16,1.7,1,1,45502
BLR-0792,Indiranagar,1,689,1,Fully Furnished,12,1.4,1,0,49025
BLR-0793,Indiranagar,1,720,1,Fully Furnished,1,4.1,1,0,45474
BLR-0794,Yelahanka,1,832,1,Semi Furnished,16,2.3,1,0,23498
BLR-0795,Electronic City,1,801,1,Fully Furnished,0,2.4,1,1,23070
BLR-0796,Banashankari,2,1142,3,Unfurnished,2,3.0,1,1,31804
BLR-0797,Koramangala,2,1192,2,Semi Furnished,7,1.6,1,0,53247
BLR-0798,Sarjapur Road,4,2031,3,Fully Furnished,0,2.7,1,1,71310
BLR-0799,Whitefield,3,1441,2,Unfurnished,0,6.6,1,0,32951
BLR-0800,Jayanagar,2,977,3,Semi Furnished,13,4.4,1,1,40052
BLR-0801,Jayanagar,3,1605,4,Unfurnished,1,3.0,1,0,60886
BLR-0802,Jayanagar,2,968,1,Semi Furnished,2,1.3,0,1,40679
BLR-0803,Yelahanka,3,1341,3,Semi Furnished,5,5.1,1,1,32977
BLR-0804,Whitefield,1,696,2,Unfurnished,17,4.4,1,0,20318
BLR-0805,Whitefield,2,1224,3,Semi Furnished,4,5.5,1,1,42702
BLR-0806,Indiranagar,3,1464,3,Semi Furnished,7,1.5,1,0,68746
BLR-0807,Banashankari,1,662,2,Fully Furnished,2,5.6,0,1,25811
BLR-0808,Yelahanka,3,1470,3,Semi Furnished,5,4.4,1,1,31180
BLR-0809,Indiranagar,3,1383,3,Semi Furnished,1,3.7,1,1,65147
BLR-0810,Koramangala,2,1140,3,Fully Furnished,18,3.7,0,0,52852
BLR-0811,Yelahanka,2,1050,2,Semi Furnished,14,0.7,1,0,27534
BLR-0812,Hebbal,4,1594,3,Semi Furnished,3,2.1,1,0,50459
BLR-0813,Koramangala,3,1523,2,Fully Furnished,6,6.7,1,1,73051
BLR-0814,Indiranagar,2,1228,2,Unfurnished,3,3.0,0,0,47255
BLR-0815,Sarjapur Road,1,780,2,Semi Furnished,14,4.0,1,1,29794
BLR-0816,Electronic City,1,880,1,Semi Furnished,9,1.2,1,1,20231
BLR-0817,Electronic City,2,1116,2,Unfurnished,1,2.7,0,0,26085
BLR-0818,Hebbal,2,967,2,Semi Furnished,17,6.6,1,0,26047
BLR-0819,Koramangala,3,1606,3,Semi Furnished,5,3.4,0,1,63059
BLR-0820,Whitefield,2,1250,2,Semi Furnished,10,0.7,1,1,46380
BLR-0821,Yelahanka,1,910,1,Unfurnished,18,1.1,1,1,20911
BLR-0822,HSR Layout,3,1734,3,Semi Furnished,20,0.2,1,1,66274
BLR-0823,Banashankari,2,1199,2,Fully Furnished,4,6.2,1,0,44720
BLR-0824,Electronic City,1,750,1,Semi Furnished,8,3.0,1,0,18237
BLR-0825,Banashankari,3,1526,2,Semi Furnished,1,4.3,1,0,44252
BLR-0826,Sarjapur Road,2,890,2,Fully Furnished,20,5.3,0,0,32853
BLR-0827,Electronic City,1,780,1,Unfurnished,0,3.9,1,0,16738
BLR-0828,Electronic City,3,1652,2,Semi Furnished,13,3.0,0,0,35962
BLR-0829,Indiranagar,2,1272,2,Unfurnished,15,2.8,1,1,50969
BLR-0830,HSR Layout,1,948,1,Semi Furnished,8,3.1,1,1,39581
BLR-0831,Electronic City,3,1390,4,Semi Furnished,14,2.1,0,1,39602
BLR-0832,Koramangala,2,1193,2,Unfurnished,15,3.4,1,0,45157
BLR-0833,Banashankari,3,1410,3,Unfurnished,12,0.2,1,0,39079
BLR-0834,Hebbal,1,695,2,Unfurnished,20,4.8,1,1,22956
BLR-0835,Hebbal,4,2066,5,Semi Furnished,16,2.6,0,0,60383
BLR-0836,Koramangala,2,1126,1,Fully Furnished,7,4.5,1,1,65030
BLR-0837,HSR Layout,3,1417,3,Semi Furnished,13,3.4,0,0,48963
BLR-0838,HSR Layout,4,2016,5,Semi Furnished,12,4.2,0,1,75384
BLR-0839,Jayanagar,4,1797,4,Semi Furnished,18,3.1,0,1,64443
BLR-0840,Sarjapur Road,3,1548,3,Unfurnished,8,0.2,1,0,44548
BLR-0841,Jayanagar,1,905,1,Semi Furnished,14,0.2,1,1,45691
BLR-0842,Electronic City,3,1668,3,Semi Furnished,13,1.4,1,1,39151
BLR-0843,Hebbal,2,1215,2,Semi Furnished,3,7.4,1,1,44030
BLR-0844,Electronic City,3,1699,2,Unfurnished,19,1.9,1,1,32804
BLR-0845,Jayanagar,2,1329,1,Unfurnished,19,0.2,1,1,44445
BLR-0846,Whitefield,3,1573,3,Semi Furnished,14,3.9,0,1,52854
BLR-0847,Banashankari,2,1020,2,Unfurnished,11,0.8,1,0,22794
BLR-0848,Whitefield,2,1121,2,Semi Furnished,20,3.7,0,1,38896
BLR-0849,Hebbal,3,1326,4,Unfurnished,8,4.6,0,1,39598
BLR-0850,Koramangala,2,1162,2,Semi Furnished,18,2.2,0,0,40767
BLR-0851,HSR Layout,2,893,2,Semi Furnished,9,1.2,1,1,38236
BLR-0852,Indiranagar,2,1217,1,Fully Furnished,17,1.5,0,1,59643
BLR-0853,Banashankari,3,1530,4,Fully Furnished,9,5.9,0,1,47476
BLR-0854,Marathahalli,2,1048,2,Fully Furnished,16,6.0,1,1,46806
BLR-0855,Indiranagar,1,836,1,Semi Furnished,1,3.3,1,1,45478
BLR-0856,Sarjapur Road,2,1035,2,Unfurnished,16,0.2,1,1,37854
BLR-0857,Koramangala,1,756,2,Semi Furnished,20,3.7,1,0,36722
BLR-0858,HSR Layout,3,1361,3,Unfurnished,7,4.7,1,1,49322
BLR-0859,Koramangala,1,835,1,Unfurnished,8,4.6,1,0,36168
BLR-0860,Banashankari,2,1151,3,Semi Furnished,14,5.9,1,1,36832
BLR-0861,Koramangala,2,934,2,Semi Furnished,13,0.6,1,1,50027
BLR-0862,Sarjapur Road,4,1869,4,Fully Furnished,3,0.2,1,0,72824
BLR-0863,HSR Layout,2,1200,2,Semi Furnished,19,6.0,1,1,40097
BLR-0864,Electronic City,4,1916,3,Unfurnished,2,4.3,0,1,35071
BLR-0865,Sarjapur Road,1,848,1,Unfurnished,9,2.5,1,1,29311
BLR-0866,Jayanagar,3,1619,4,Semi Furnished,15,3.6,0,0,50374
BLR-0867,Sarjapur Road,1,846,1,Unfurnished,6,1.7,1,1,30504
BLR-0868,Kengeri,2,993,2,Semi Furnished,1,0.7,0,1,29940
BLR-0869,Electronic City,1,735,1,Semi Furnished,0,4.3,0,1,22303
BLR-0870,Banashankari,2,1177,2,Fully Furnished,4,3.0,1,1,45087
BLR-0871,Yelahanka,1,851,1,Unfurnished,2,0.5,1,0,16507
BLR-0872,Sarjapur Road,4,2007,3,Unfurnished,2,1.9,0,1,56073
BLR-0873,Kengeri,3,1523,3,Semi Furnished,18,1.7,1,0,26693
BLR-0874,Whitefield,3,1451,4,Semi Furnished,15,6.0,1,1,50602
BLR-0875,Marathahalli,1,849,2,Fully Furnished,13,1.7,1,0,38484
BLR-0876,Indiranagar,2,1316,1,Semi Furnished,20,4.0,0,1,49706
BLR-0877,Indiranagar,1,717,1,Fully Furnished,11,3.2,0,1,42897
BLR-0878,HSR Layout,2,1121,3,Unfurnished,18,6.8,0,1,33268
BLR-0879,Yelahanka,4,2138,5,Fully Furnished,16,1.0,0,0,41405
BLR-0880,Koramangala,3,1441,3,Semi Furnished,6,3.7,1,1,71157
BLR-0881,Whitefield,3,1671,2,Unfurnished,14,2.5,1,1,47379
BLR-0882,Hebbal,2,1282,2,Semi Furnished,18,0.2,0,1,38238
BLR-0883,Jayanagar,2,902,1,Semi Furnished,7,2.6,1,0,34359
BLR-0884,Koramangala,1,601,1,Unfurnished,10,4.2,1,1,35196
BLR-0885,HSR Layout,3,1663,3,Semi Furnished,2,3.2,0,1,55312
BLR-0886,Whitefield,4,1966,5,Semi Furnished,20,4.3,1,1,67832
BLR-0887,Koramangala,3,1555,4,Semi Furnished,20,5.6,1,1,71998
BLR-0888,Sarjapur Road,2,1331,3,Fully Furnished,1,5.7,1,1,49346
BLR-0889,Yelahanka,2,1099,2,Unfurnished,18,1.9,1,0,21812
BLR-0890,Electronic City,3,1429,2,Semi Furnished,11,1.2,0,1,37196
BLR-0891,Indiranagar,3,1505,4,Fully Furnished,19,1.5,1,1,82236
BLR-0892,Indiranagar,1,634,1,Unfurnished,9,3.8,1,1,37174
BLR-0893,Yelahanka,2,1130,2,Unfurnished,2,4.9,1,1,27452
BLR-0894,Koramangala,2,960,1,Unfurnished,18,2.2,0,1,39509
BLR-0895,Koramangala,1,621,1,Semi Furnished,15,0.2,1,1,38264
BLR-0896,Electronic City,1,540,1,Fully Furnished,17,1.9,1,1,27241
BLR-0897,Koramangala,2,1077,2,Fully Furnished,11,5.5,1,1,59875
BLR-0898,Banashankari,1,756,2,Semi Furnished,19,0.4,1,1,28876
BLR-0899,Marathahalli,2,1032,1,Semi Furnished,10,0.8,0,1,36930
BLR-0900,Yelahanka,1,804,1,Fully Furnished,7,2.0,1,1,25295
BLR-0901,HSR Layout,2,1252,1,Unfurnished,18,0.7,1,1,39161
BLR-0902,Koramangala,4,1896,3,Semi Furnished,10,3.8,1,0,77917
BLR-0903,Kengeri,3,1677,3,Semi Furnished,11,2.6,0,1,38307
BLR-0904,HSR Layout,2,1274,2,Semi Furnished,15,6.4,0,1,46194
BLR-0905,Yelahanka,1,953,1,Unfurnished,16,4.1,1,1,20132
BLR-0906,Sarjapur Road,2,1101,2,Semi Furnished,13,5.4,0,1,41335
BLR-0907,Electronic City,3,1615,3,Unfurnished,20,4.5,1,1,36316
BLR-0908,Whitefield,1,780,1,Semi Furnished,11,6.3,1,0,31857
BLR-0909,Whitefield,2,1307,2,Semi Furnished,16,1.0,1,1,41992
BLR-0910,Electronic City,1,704,1,Semi Furnished,7,4.7,1,0,16380
BLR-0911,Indiranagar,3,1550,2,Unfurnished,1,0.7,1,0,65696
BLR-0912,Marathahalli,3,1546,4,Semi Furnished,5,0.2,0,1,48051
BLR-0913,Banashankari,2,1056,2,Unfurnished,14,1.3,1,1,26915
BLR-0914,Koramangala,1,643,1,Semi Furnished,0,4.3,0,1,33113
BLR-0915,Kengeri,3,1309,2,Unfurnished,13,7.6,1,0,22320
BLR-0916,Jayanagar,4,1852,4,Semi Furnished,18,7.2,1,1,65260
BLR-0917,Indiranagar,2,1141,2,Semi Furnished,18,1.3,1,1,52675
BLR-0918,Koramangala,1,809,2,Semi Furnished,18,0.7,1,0,42917
BLR-0919,Jayanagar,3,1387,3,Semi Furnished,6,3.5,1,1,53032
BLR-0920,HSR Layout,2,1207,2,Semi Furnished,19,5.6,1,1,50273
BLR-0921,Koramangala,3,1482,3,Unfurnished,9,2.1,1,1,63607
BLR-0922,Hebbal,2,1070,2,Semi Furnished,11,2.1,0,1,31744
BLR-0923,HSR Layout,1,852,1,Semi Furnished,11,4.3,1,1,31968
BLR-0924,Whitefield,3,1456,2,Semi Furnished,4,3.8,0,0,41658
BLR-0925,Indiranagar,2,999,2,Unfurnished,13,1.7,0,1,46398
BLR-0926,Banashankari,2,1151,1,Semi Furnished,15,3.7,0,0,31304
BLR-0927,Indiranagar,3,1620,4,Fully Furnished,4,5.9,1,1,91991
BLR-0928,Electronic City,1,677,1,Semi Furnished,5,3.6,1,0,21704
BLR-0929,Electronic City,2,1011,2,Semi Furnished,3,5.3,1,1,30140
BLR-0930,Hebbal,2,1065,3,Unfurnished,16,2.2,1,1,44542
BLR-0931,Jayanagar,3,1427,2,Fully Furnished,2,0.2,1,0,65207
BLR-0932,Sarjapur Road,3,1672,3,Semi Furnished,13,3.8,1,1,54015
BLR-0933,Kengeri,1,847,1,Semi Furnished,11,5.4,0,1,12248
BLR-0934,Indiranagar,1,701,1,Semi Furnished,15,2.2,0,1,39278
BLR-0935,Jayanagar,2,1212,2,Unfurnished,3,5.6,1,1,43326
BLR-0936,Hebbal,2,1167,2,Semi Furnished,19,3.9,1,1,32110
BLR-0937,Sarjapur Road,4,1998,4,Semi Furnished,16,4.6,0,0,64180
BLR-0938,Hebbal,2,1291,2,Semi Furnished,4,1.8,1,1,39909
BLR-0939,Kengeri,2,1280,1,Unfurnished,1,2.4,1,0,25436
BLR-0940,Yelahanka,3,1591,3,Fully Furnished,10,6.0,1,0,35656
BLR-0941,Indiranagar,2,1152,2,Unfurnished,5,0.3,1,0,42145
BLR-0942,Indiranagar,4,1906,4,Semi Furnished,15,2.8,1,1,90218
BLR-0943,Kengeri,2,1308,2,Fully Furnished,0,4.5,1,1,34650
BLR-0944,Yelahanka,3,1622,3,Unfurnished,0,3.8,1,1,34582
BLR-0945,Whitefield,2,1231,2,Semi Furnished,7,7.2,1,1,40035
BLR-0946,Whitefield,2,1167,2,Unfurnished,1,5.0,1,1,44076
BLR-0947,Electronic City,1,547,1,Unfurnished,11,5.2,0,1,11573
BLR-0948,Marathahalli,1,539,2,Unfurnished,1,3.3,1,1,23997
BLR-0949,Banashankari,1,832,1,Semi Furnished,3,6.2,1,1,28140
BLR-0950,Hebbal,4,1946,4,Semi Furnished,13,5.0,1,1,55922
BLR-0951,Banashankari,2,1178,3,Fully Furnished,10,1.0,0,1,33979
BLR-0952,Hebbal,3,1513,3,Semi Furnished,6,5.5,1,1,52386
BLR-0953,HSR Layout,2,1219,2,Semi Furnished,4,3.0,1,1,47413
BLR-0954,Sarjapur Road,2,1254,1,Semi Furnished,6,1.6,0,1,38382
BLR-0955,Banashankari,2,1302,3,Unfurnished,5,1.7,1,0,31207
BLR-0956,HSR Layout,2,1310,2,Unfurnished,11,2.7,0,1,43804
BLR-0957,Koramangala,1,694,1,Semi Furnished,13,1.8,1,1,40671
BLR-0958,Yelahanka,2,1016,2,Unfurnished,16,4.2,1,1,18407
BLR-0959,Whitefield,2,1222,2,Unfurnished,4,2.3,1,1,41987
BLR-0960,HSR Layout,2,1324,3,Semi Furnished,18,3.6,1,0,49682
